{
  "ArduinoCalentadorThing_CalentadorPotenciaEstat": {
    "class": "org.eclipse.smarthome.core.items.ManagedItemProvider$PersistedItem",
    "value": {
      "groupNames": [],
      "itemType": "String",
      "tags": [],
      "label": "Calentador Potencia Estat"
    }
  },
  "ArduinoCalentadorThing_CalentadorPotencia": {
    "class": "org.eclipse.smarthome.core.items.ManagedItemProvider$PersistedItem",
    "value": {
      "groupNames": [],
      "itemType": "String",
      "tags": [],
      "label": "Calentador Potencia"
    }
  }
}