{
  "ArduinoCalentadorThing_CalentadorPotencia -\u003e mqtt:topic:c5d1c40e:calentador-potencia-set": {
    "class": "org.eclipse.smarthome.core.thing.link.ItemChannelLink",
    "value": {
      "channelUID": {
        "segments": [
          "mqtt",
          "topic",
          "c5d1c40e",
          "calentador-potencia-set"
        ]
      },
      "configuration": {
        "properties": {
          "profile": "system:default"
        }
      },
      "itemName": "ArduinoCalentadorThing_CalentadorPotencia"
    }
  },
  "ArduinoCalentadorThing_CalentadorPotenciaEstat -\u003e mqtt:topic:c5d1c40e:calentador-potencia-status": {
    "class": "org.eclipse.smarthome.core.thing.link.ItemChannelLink",
    "value": {
      "channelUID": {
        "segments": [
          "mqtt",
          "topic",
          "c5d1c40e",
          "calentador-potencia-status"
        ]
      },
      "configuration": {
        "properties": {
          "profile": "system:default"
        }
      },
      "itemName": "ArduinoCalentadorThing_CalentadorPotenciaEstat"
    }
  }
}