{
  "mqtt:systemBroker:embedded-mqtt-broker": {
    "class": "org.eclipse.smarthome.config.discovery.internal.DiscoveryResultImpl",
    "value": {
      "thingUID": {
        "segments": [
          "mqtt",
          "systemBroker",
          "embedded-mqtt-broker"
        ]
      },
      "thingTypeUID": {
        "segments": [
          "mqtt",
          "systemBroker"
        ]
      },
      "properties": {
        "host": "127.0.0.1",
        "brokerid": "embedded-mqtt-broker",
        "port": 1883
      },
      "representationProperty": "brokerid",
      "flag": "NEW",
      "label": "MQTT Broker",
      "timestamp": 1576950638642,
      "timeToLive": -1
    }
  }
}