{
  "mqtt:systemBroker:embedded-mqtt-broker": {
    "class": "org.eclipse.smarthome.core.thing.internal.BridgeImpl",
    "value": {
      "label": "MQTT Broker",
      "channels": [],
      "configuration": {
        "properties": {
          "brokerid": "embedded-mqtt-broker"
        }
      },
      "properties": {
        "password": "",
        "qos": "0",
        "port": "1883.0",
        "retain": "false",
        "keep_alive_time_ms": "60",
        "host": "127.0.0.1",
        "reconnect_time_ms": "10000",
        "lastwill": "",
        "url": "127.0.0.1:1883",
        "username": ""
      },
      "uid": {
        "segments": [
          "mqtt",
          "systemBroker",
          "embedded-mqtt-broker"
        ]
      },
      "thingTypeUID": {
        "segments": [
          "mqtt",
          "systemBroker"
        ]
      }
    }
  },
  "mqtt:topic:c5d1c40e": {
    "class": "org.eclipse.smarthome.core.thing.internal.ThingImpl",
    "value": {
      "label": "Arduino Calentador Thing",
      "bridgeUID": {
        "segments": [
          "mqtt",
          "systemBroker",
          "embedded-mqtt-broker"
        ]
      },
      "channels": [],
      "configuration": {
        "properties": {}
      },
      "properties": {},
      "uid": {
        "segments": [
          "mqtt",
          "topic",
          "c5d1c40e"
        ]
      },
      "thingTypeUID": {
        "segments": [
          "mqtt",
          "topic"
        ]
      }
    }
  }
}